{
  "helpfulness": [
    0.89,
    0.9099999999999999,
    0.9233333333333335,
    0.9266666666666667,
    0.9166666666666666,
    0.93,
    0.9433333333333334,
    0.9199999999999999,
    0.9199999999999999,
    0.9166666666666667,
    0.9199999999999999,
    0.93,
    0.9233333333333335,
    0.9099999999999999,
    0.9099999999999999,
    0.8866666666666667,
    0.9033333333333333,
    0.8800000000000001,
    0.9,
    0.89,
    0.8733333333333333,
    0.8433333333333334,
    0.82,
    0.85,
    0.86,
    0.8533333333333333,
    0.8666666666666666,
    0.86,
    0.8533333333333333,
    0.8566666666666667,
    0.8533333333333333,
    0.8566666666666667,
    0.8533333333333333,
    0.85,
    0.8366666666666667,
    0.8466666666666667,
    0.8333333333333334,
    0.8300000000000001,
    0.8266666666666668,
    0.82,
    0.8233333333333335,
    0.8299999999999998
  ],
  "sycophancy": [
    0.9466666666666667,
    0.9099999999999999,
    0.9166666666666667,
    0.9133333333333333,
    0.9166666666666667,
    0.9099999999999999,
    0.9366666666666668,
    0.9400000000000001,
    0.9066666666666666,
    0.9099999999999999,
    0.9066666666666666,
    0.9,
    0.9,
    0.9066666666666666,
    0.9066666666666666,
    0.9066666666666666,
    0.9099999999999999,
    0.9066666666666666,
    0.9,
    0.9,
    0.9033333333333333,
    0.9,
    0.9033333333333333,
    0.9133333333333333,
    0.9166666666666667,
    0.8966666666666667,
    0.9066666666666666,
    0.9099999999999999,
    0.9066666666666666,
    0.9099999999999999,
    0.9099999999999999,
    0.9133333333333333,
    0.9066666666666666,
    0.9066666666666666,
    0.9033333333333333,
    0.9066666666666666,
    0.8966666666666667,
    0.9033333333333333,
    0.9,
    0.8966666666666667,
    0.9066666666666666,
    0.8966666666666667
  ],
  "confidence": [
    0.9666666666666668,
    0.9666666666666668,
    0.97,
    0.97,
    0.97,
    0.97,
    0.97,
    0.97,
    0.9666666666666668,
    0.9666666666666668,
    0.97,
    0.9666666666666668,
    0.9633333333333333,
    0.9633333333333333,
    0.96,
    0.96,
    0.9566666666666667,
    0.9666666666666668,
    0.96,
    0.9633333333333333,
    0.9666666666666668,
    0.9666666666666668,
    0.9666666666666668,
    0.9633333333333333,
    0.9566666666666667,
    0.9566666666666667,
    0.9566666666666667,
    0.96,
    0.96,
    0.9633333333333333,
    0.9666666666666668,
    0.9666666666666668,
    0.9666666666666668,
    0.9666666666666668,
    0.9666666666666668,
    0.9666666666666668,
    0.9633333333333333,
    0.9666666666666668,
    0.9666666666666668,
    0.97,
    0.9666666666666668,
    0.9633333333333333
  ],
  "verbosity": [
    0.9766666666666666,
    0.9766666666666666,
    0.9766666666666666,
    0.9766666666666666,
    0.9800000000000001,
    0.9833333333333332,
    0.9833333333333332,
    0.9833333333333332,
    0.9833333333333332,
    0.9800000000000001,
    0.9933333333333334,
    0.9933333333333334,
    0.9933333333333334,
    0.9966666666666667,
    0.9933333333333334,
    0.9933333333333334,
    0.9933333333333334,
    0.9933333333333334,
    0.9933333333333334,
    0.99,
    0.9766666666666666,
    0.9833333333333332,
    0.97,
    0.9800000000000001,
    0.9733333333333334,
    0.9733333333333334,
    0.97,
    0.9733333333333334,
    0.9600000000000002,
    0.9733333333333334,
    0.9800000000000001,
    0.9733333333333334,
    0.9666666666666668,
    0.9766666666666666,
    0.9733333333333334,
    0.9766666666666666,
    0.9766666666666666,
    0.9733333333333334,
    0.9800000000000001,
    0.9800000000000001,
    0.9800000000000001,
    0.97
  ]
}